N,DP_value,DP_time,GA_value,GA_time,Accuracy_Gap
50,2425,0.009033918380737305,2313,0.0110015869140625,4.62
200,5597,0.03609061241149902,965.8000000000001,0.03590083122253418,82.74
1000,12216,0.21045804023742676,3723.9,0.17184805870056152,69.52
5000,24426,1.0455567836761475,15928.0,0.8747870922088623,34.79
10000,32775,2.0339789390563965,30608.300000000003,1.7359287738800049,6.61
