N,DP_value,DP_time,GA_value,GA_time
50,1438,0.0010235309600830078,257.3,0.010974407196044922
200,2793,0.007004261016845703,929.5,0.03621387481689453
1000,4688,0.03557538986206055,3687.5,0.17203044891357422
